{
  "var_95": 35279.06871108517,
  "expected_shortfall": 49677.617447358025,
  "volatility": 0.17041613387529703,
  "sharpe_ratio": 1.8300241879940842,
  "max_drawdown": 0.10343855060851351
}