{
  "var_95": 28021.70313526102,
  "expected_shortfall": 37418.52747039174,
  "volatility": 0.23709099301189604,
  "sharpe_ratio": 1.309934756578181,
  "max_drawdown": 0.19594938461221792
}